{ "_id" : { "$oid" : "5c2da7bef6a14877ebbe0d25" }, "formfields" : [ { "fieldname" : "Coin Name", "status" : 1, "Isrequired" : 1, "key" : "coin_name", "sortOrder" : 1 }, { "fieldname" : "Coin Ticker", "status" : 1, "Isrequired" : 0, "key" : "coin_ticker", "sortOrder" : "2" }, { "fieldname" : "Date of issuance", "status" : 1, "Isrequired" : 0, "key" : "date_of_issuance", "sortOrder" : 3 }, { "fieldname" : "Coin Logo", "status" : 1, "Isrequired" : 1, "key" : "coin_logo", "sortOrder" : 4 }, { "fieldname" : "Coin website", "status" : 1, "Isrequired" : 1, "key" : "coin_website", "sortOrder" : 5 }, { "fieldname" : "Website FAQ", "status" : 1, "Isrequired" : 0, "key" : "website_faq", "sortOrder" : 6 }, { "fieldname" : "Coin Forum", "status" : 1, "Isrequired" : 0, "key" : "coin_forum", "sortOrder" : 7 }, { "fieldname" : "Bitcoin talk", "status" : 0, "Isrequired" : 0, "key" : "bitcoin_talk", "sortOrder" : 8 }, { "fieldname" : "Whitepaper business", "status" : 1, "Isrequired" : 1, "key" : "whitepaper_business", "sortOrder" : 9 }, { "fieldname" : "Whitepaper technical", "status" : 1, "Isrequired" : 1, "key" : "whitepaper_technical", "sortOrder" : 10 }, { "fieldname" : "Stack channel", "status" : 1, "Isrequired" : 0, "key" : "stack_channel", "sortOrder" : 11 }, { "fieldname" : "Official GitHub or Repository Link", "status" : 1, "Isrequired" : 1, "key" : "official_gitHub_repository_link", "sortOrder" : 12 }, { "fieldname" : "Team Contact", "status" : 1, "Isrequired" : 1, "key" : "team_contact", "sortOrder" : 13 }, { "fieldname" : "Team Bio", "status" : 1, "Isrequired" : 0, "key" : "team_bio", "sortOrder" : 14 }, { "fieldname" : "headquarter Address", "status" : 1, "Isrequired" : 1, "key" : "headquarter_address", "sortOrder" : 15 }, { "fieldname" : "Wallet source code", "status" : 1, "Isrequired" : 0, "key" : "wallet_source_code", "sortOrder" : 16 }, { "fieldname" : "Node source code", "status" : 1, "Isrequired" : 0, "key" : "node_source_code", "sortOrder" : 17 }, { "fieldname" : "Official Blockchain Explorer Link", "status" : 1, "Isrequired" : 1, "key" : "official_blockchain_explorer_link", "sortOrder" : 18 }, { "fieldname" : "Max coin supply", "status" : 1, "Isrequired" : 1, "key" : "max_coin_supply", "sortOrder" : 19 }, { "fieldname" : "Tx Fee for transaction", "status" : 1, "Isrequired" : 1, "key" : "tx_Fee_for_transaction", "sortOrder" : 20 }, { "fieldname" : "Social Media Links", "status" : 1, "Isrequired" : 0, "key" : "social_media_links", "sortOrder" : 21 }, { "fieldname" : "Code review & Audit - Trusted community", "status" : 1, "Isrequired" : 1, "key" : "code_review_audit_trusted_community", "sortOrder" : 22 }, { "fieldname" : "Deployment process", "status" : 1, "Isrequired" : 0, "key" : "deployment_process", "sortOrder" : 23 }, { "fieldname" : "Premined coin amount", "status" : 1, "Isrequired" : 1, "key" : "premined_coin_amount", "sortOrder" : 24 }, { "fieldname" : "Premined coin in Escrow?", "status" : 1, "Isrequired" : 0, "key" : "premined_coin_in_escrow", "sortOrder" : 25 }, { "fieldname" : "Number of addresses coins were distributed", "status" : 1, "Isrequired" : 1, "key" : "number_of_addresses_coins_were_distributed", "sortOrder" : 26 }, { "fieldname" : "Segwit exhibition", "status" : 1, "Isrequired" : 0, "key" : "segwit_exhibition", "sortOrder" : 27 }, { "fieldname" : "Blockspeed", "status" : 1, "Isrequired" : 1, "key" : "blockspeed", "sortOrder" : 28 }, { "fieldname" : "Core algorithm", "status" : 1, "Isrequired" : 1, "key" : "core_algorithm", "sortOrder" : 29 }, { "fieldname" : "Amount raised during pre ico", "status" : 1, "Isrequired" : 0, "key" : "amount_raised_during_pre_ico", "sortOrder" : 30 }, { "fieldname" : "Advisory", "status" : 1, "Isrequired" : 0, "key" : "advisory", "sortOrder" : 31 }, { "fieldname" : "Number of blocks mined", "status" : 1, "Isrequired" : 0, "key" : "number_of_blocks_mined", "sortOrder" : 32 }, { "fieldname" : "Dev language", "status" : 1, "Isrequired" : 1, "key" : "dev_language", "sortOrder" : 33 }, { "fieldname" : "ERC 20 Compliant", "status" : 1, "Isrequired" : 1, "key" : "erc_20_compliant", "sortOrder" : 34 }, { "fieldname" : "Difficulty", "status" : 1, "Isrequired" : 0, "key" : "difficulty", "sortOrder" : 35 }, { "fieldname" : "Wallet", "status" : 1, "Isrequired" : 1, "key" : "wallet", "sortOrder" : 36 }, { "fieldname" : "Usual Cost", "status" : 1, "Isrequired" : 0, "key" : "usual_cost", "sortOrder" : 37 }, { "fieldname" : "If this coin is a security?", "status" : 1, "Isrequired" : 1, "key" : "if_this_coin_is_a_security", "sortOrder" : 38 }, { "fieldname" : "Coin Type", "status" : 1, "Isrequired" : 1, "key" : "coin_type", "sortOrder" : 39 }, { "fieldname" : "Coin Description", "status" : 1, "Isrequired" : 1, "key" : "coin_description", "sortOrder" : 40 }, { "fieldname" : "Coin Short Name", "status" : 1, "Isrequired" : 0, "key" : "coin_short_name", "sortOrder" : 41 }, { "fieldname" : "Coin Address/Token Contract Address", "status" : 1, "Isrequired" : 1, "key" : "coin_address", "sortOrder" : 42 }, { "fieldname" : "Decimal", "status" : 1, "Isrequired" : 1, "key" : "decimal", "sortOrder" : 43 }, { "fieldname" : "Total Supply", "status" : 1, "Isrequired" : 1, "key" : "total_supply", "sortOrder" : 44 }, { "fieldname" : "Circulating Supply", "status" : 1, "Isrequired" : 1, "key" : "circulating_supply", "sortOrder" : 45 }, { "fieldname" : "First Name", "status" : 1, "Isrequired" : 1, "key" : "first_name", "sortOrder" : 46 }, { "fieldname" : "Last Name", "status" : 1, "Isrequired" : 0, "key" : "last_name", "sortOrder" : 47 }, { "fieldname" : "Address", "status" : 1, "Isrequired" : 1, "key" : "address", "sortOrder" : 48 }, { "fieldname" : "Address Line 2", "status" : 1, "Isrequired" : 1, "key" : "address_line_2", "sortOrder" : 49 }, { "fieldname" : "City", "status" : 1, "Isrequired" : 1, "key" : "city", "sortOrder" : 50 }, { "fieldname" : "State/Region/Province", "status" : 1, "Isrequired" : 1, "key" : "state", "sortOrder" : 51 }, { "fieldname" : "Postal / Zip Code", "status" : 1, "Isrequired" : 1, "key" : "postalCode", "sortOrder" : 52 }, { "fieldname" : "Country", "status" : 1, "Isrequired" : 1, "key" : "country", "sortOrder" : 53 }, { "fieldname" : "Phone", "status" : 1, "Isrequired" : 1, "key" : "phone", "sortOrder" : 54 }, { "fieldname" : "Email", "status" : 1, "Isrequired" : 1, "key" : "email", "sortOrder" : 55 }, { "fieldname" : "Project Name", "status" : 1, "Isrequired" : 1, "key" : "project_name", "sortOrder" : 56 }, { "fieldname" : "Project Website Link", "status" : 1, "Isrequired" : 0, "key" : "project_website_link", "sortOrder" : 57 }, { "fieldname" : "Do you have an active community?", "status" : 1, "Isrequired" : 0, "key" : "do_you_have_an_active_community", "sortOrder" : 58 }, { "fieldname" : "Information on how funds were raised.", "status" : 1, "Isrequired" : 1, "key" : "information_on_how_funds_were_raised", "sortOrder" : 59 }, { "fieldname" : "Current Listing On Other Exchanges", "status" : 1, "Isrequired" : 0, "key" : "current_listing_on_other_exchanges", "sortOrder" : "60" } ], "date_modified" : { "$date" : "2019-01-16T11:59:31.004+0000" }, "modified_by" : "", "created_by" : "" }
