{ "_id" : { "$oid" : "5c39bde45010f24c141b1c11" }, "userId" : "jayesh@JBSPL.COM", "coin_name" : "min", "coin_ticker" : "", "date_of_issuance" : "2019-01-12", "coin_logo" : "", "coin_website" : "", "website_faq" : "test", "coin_forum" : "", "bitcoin_talk" : "", "whitepaper_business" : "", "whitepaper_technical" : "", "stack_channel" : "", "official_gitHub_repository_link" : "", "team_contact" : "", "team_bio" : "", "headquarter_address" : "", "wallet_source_code" : "", "node_source_code" : "", "official_blockchain_explorer_link" : "test.com", "max_coin_supply" : "", "tx_Fee_for_transaction" : "100", "social_media_links" : "", "code_review_audit_trusted_community" : "", "deployment_process" : "", "premined_coin_amount" : "10", "premined_coin_in_escrow" : "", "number_of_addresses_coins_were_distributed" : "", "segwit_exhibition" : "", "blockspeed" : "", "core_algorithm" : "", "amount_raised_during_pre_ico" : "", "advisory" : "", "number_of_blocks_mined" : "", "dev_language" : "", "erc_20_compliant" : "", "difficulty" : "", "wallet" : "", "usual_cost" : "", "if_this_coin_is_a_security" : "", "coin_type" : "coin", "coin_address" : "test", "coin_description" : "jaminali", "coin_short_name" : "min", "decimal" : "test", "total_supply" : "1000", "circulating_supply" : "500", "first_name" : "jamin", "last_name" : "koladiya", "address" : "minaxi", "address_line_2" : "test", "City" : "", "state" : "gujarat", "postalCode" : "364001", "country" : "india", "phone" : "9725079411", "email" : "dhara@jbspl.com", "project_name" : "new stack", "project_website_link" : "test.com", "do_you_have_an_active_community" : "test", "information_on_how_funds_were_raised" : "test", "current_listing_on_other_exchanges" : "test", "date_created" : { "$date" : "2019-01-12T10:13:56.235+0000" }, "date_modified" : { "$date" : "2019-01-12T10:13:56.235+0000" }, "created_by" : "", "modified_by" : "", "__v" : 0 }
{ "_id" : { "$oid" : "5c39cdc4c2c19a46acd49896" }, "userId" : "jayesh@JBSPL.COM", "coin_name" : "HP", "coin_ticker" : "HPS", "date_of_issuance" : "2019-01-19", "coin_logo" : "", "coin_website" : "", "website_faq" : "what is this?", "coin_forum" : "", "bitcoin_talk" : "", "whitepaper_business" : "", "whitepaper_technical" : "", "stack_channel" : "", "official_gitHub_repository_link" : "", "team_contact" : "", "team_bio" : "", "headquarter_address" : "", "wallet_source_code" : "", "node_source_code" : "", "official_blockchain_explorer_link" : "miral.com", "max_coin_supply" : "", "tx_Fee_for_transaction" : "test", "social_media_links" : "", "code_review_audit_trusted_community" : "", "deployment_process" : "", "premined_coin_amount" : "10", "premined_coin_in_escrow" : "", "number_of_addresses_coins_were_distributed" : "", "segwit_exhibition" : "", "blockspeed" : "", "core_algorithm" : "", "amount_raised_during_pre_ico" : "", "advisory" : "", "number_of_blocks_mined" : "", "dev_language" : "", "erc_20_compliant" : "", "difficulty" : "", "wallet" : "", "usual_cost" : "", "if_this_coin_is_a_security" : "", "coin_type" : "coin", "coin_address" : "melborn", "coin_description" : "Hindustan", "coin_short_name" : "HPS", "decimal" : "mm", "total_supply" : "1000", "circulating_supply" : "500", "first_name" : "himatbhai", "last_name" : "gajera", "address" : "shikshak society", "address_line_2" : "mahuva", "City" : "", "state" : "gujarat", "postalCode" : "364001", "country" : "india", "phone" : "9725079411", "email" : "dhara@jbspl.com", "project_name" : "tested", "project_website_link" : "test.com", "do_you_have_an_active_community" : "", "information_on_how_funds_were_raised" : "income", "current_listing_on_other_exchanges" : "", "date_created" : { "$date" : "2019-01-12T11:21:40.863+0000" }, "date_modified" : { "$date" : "2019-01-12T11:21:40.863+0000" }, "created_by" : "", "modified_by" : "", "__v" : 0 }
