{ "_id" : { "$oid" : "5be189756f3af111e4048eb2" }, "attachedFile" : "", "id" : 1, "email" : "d@d.com", "subject" : "this is subjectt", "description" : "description description", "date_added" : { "$date" : "2018-11-06T12:30:45.847+0000" } }
{ "_id" : { "$oid" : "5be18bef6f3af111e4048eb3" }, "attachedFile" : "", "id" : 2, "email" : "d@d.com", "subject" : "asdasdasd", "description" : "asdasdasddfsfsdfsdf", "date_added" : { "$date" : "2018-11-06T12:41:19.725+0000" } }
{ "_id" : { "$oid" : "5be6c2bed4ffd710147086a0" }, "attachedFile" : "", "id" : 3, "email" : "Ggg@gmail.com", "subject" : "Ghh", "description" : "Bbbvggghjjh", "date_added" : { "$date" : "2018-11-10T11:36:30.613+0000" } }
{ "_id" : { "$oid" : "5be9756cd4ffd710147086a1" }, "attachedFile" : "", "id" : 4, "email" : "d@d.com", "subject" : "this is subject", "description" : "this is description description", "date_added" : { "$date" : "2018-11-12T12:43:24.278+0000" } }
{ "_id" : { "$oid" : "5be97599d4ffd710147086a2" }, "attachedFile" : "", "id" : 5, "email" : "d@d.com", "subject" : "asasasas", "description" : "asassasasassadsdsfsdf", "date_added" : { "$date" : "2018-11-12T12:44:09.751+0000" } }
{ "_id" : { "$oid" : "5be979afd4ffd710147086a3" }, "attachedFile" : "", "id" : 6, "email" : "d@d.com", "subject" : "abcd abcd", "description" : "abcd abcd abcd a", "date_added" : { "$date" : "2018-11-12T13:01:35.767+0000" } }
{ "_id" : { "$oid" : "5be9890fd4ffd710147086a4" }, "attachedFile" : "", "id" : 7, "email" : "d@d.com", "subject" : "sdsdsdsd", "description" : "ssdsdsddsd", "date_added" : { "$date" : "2018-11-12T14:07:11.129+0000" } }
{ "_id" : { "$oid" : "5be98bbfd4ffd710147086a5" }, "attachedFile" : "", "id" : 8, "email" : "d@d.com", "subject" : "sdasdsad", "description" : "zcxzxczcxczxczcxc", "date_added" : { "$date" : "2018-11-12T14:18:39.919+0000" } }
{ "_id" : { "$oid" : "5be98bfdd4ffd710147086a6" }, "attachedFile" : "", "id" : 9, "email" : "czxcxzczx@c.com", "subject" : "zxczxcxzcxczxcxzc", "description" : "zxczxczcczxczxczxcz", "date_added" : { "$date" : "2018-11-12T14:19:41.636+0000" } }
{ "_id" : { "$oid" : "5c0fa75a1ff77456e407895b" }, "attachedFile" : "", "id" : 10, "email" : "dipesh@jbspl.com", "subject" : "this is sample text by for testing", "description" : "this is sample text description", "date_added" : { "$date" : "2018-12-11T12:02:34.210+0000" } }
{ "_id" : { "$oid" : "5c0fab5f1ff77456e407895c" }, "attachedFile" : "", "id" : 11, "email" : "dipesh@jbspl.com", "subject" : "this is subject text", "description" : "this is sample text description text", "date_added" : { "$date" : "2018-12-11T12:19:43.028+0000" } }
{ "_id" : { "$oid" : "5c0faea81ff77456e407895d" }, "attachedFile" : "", "id" : 12, "email" : "dipesh@jbspl.com", "subject" : "this is sample subjct", "description" : "this is sample description", "date_added" : { "$date" : "2018-12-11T12:33:44.471+0000" } }
{ "_id" : { "$oid" : "5c13c18511be963dd08739da" }, "attachedFile" : "", "id" : 13, "email" : "testuserone@gmail.com", "subject" : "testing 123455", "description" : "test description ", "date_added" : { "$date" : "2018-12-14T14:43:17.372+0000" } }
{ "_id" : { "$oid" : "5c1b620b9efb5414a8d9b303" }, "attachedFile" : "", "id" : 14, "email" : "dhru@gmail.com", "subject" : "subject", "description" : "description", "date_added" : { "$date" : "2018-12-20T09:34:03.571+0000" } }
{ "_id" : { "$oid" : "5c1b65299efb5414a8d9b304" }, "attachedFile" : "", "id" : 15, "email" : "dhru@gmail.com", "subject" : "gfgfdg", "description" : "dfgdfgfggdfgfgd", "date_added" : { "$date" : "2018-12-20T09:47:21.038+0000" } }
{ "_id" : { "$oid" : "5c1b66419efb5414a8d9b305" }, "attachedFile" : "", "id" : 16, "email" : "fsdf@gmail.com", "subject" : "dsfdf", "description" : "dsfsdffsdfdf", "date_added" : { "$date" : "2018-12-20T09:52:01.022+0000" } }
{ "_id" : { "$oid" : "5c1b6ae99efb5414a8d9b306" }, "attachedFile" : "", "id" : 17, "email" : "dhru@gmail.com", "subject" : "Dhruvit", "description" : "dfsdfsdf sdfgsd", "date_added" : { "$date" : "2018-12-20T10:11:53.991+0000" } }
{ "_id" : { "$oid" : "5c1b6b119efb5414a8d9b307" }, "attachedFile" : "", "id" : 18, "email" : "dhru@gmail.com", "subject" : "Subject", "description" : "dsfdfdf ssdfdfg", "date_added" : { "$date" : "2018-12-20T10:12:33.139+0000" } }
{ "_id" : { "$oid" : "5c1f65e55ace4615e4489da3" }, "attachedFile" : "", "id" : 19, "email" : "bt@cooldex.com", "subject" : "test", "description" : "Hi, how can I deposit", "date_added" : { "$date" : "2018-12-23T10:39:33.614+0000" } }
{ "_id" : { "$oid" : "5c260f085ace4615e4489da4" }, "attachedFile" : "", "id" : 20, "email" : "abc@asd.com", "subject" : "xyz", "description" : "asjdhakjsdhkaslhdjkasgdjhasgdjhkgasjdgsajkhdg", "date_added" : { "$date" : "2018-12-28T11:54:48.458+0000" } }
{ "_id" : { "$oid" : "5c3303f2e8a8e8351039bb49" }, "attachedFile" : "", "id" : 21, "email" : "waghelanirmit@gmail.com", "subject" : "testing subject", "description" : "testing message type here", "date_added" : { "$date" : "2019-01-07T07:46:58.374+0000" } }
{ "_id" : { "$oid" : "5c3303f8e8a8e8351039bb4a" }, "attachedFile" : "", "id" : 22, "email" : "waghelanirmit@gmail.com", "subject" : "testing subject", "description" : "testing message type here", "date_added" : { "$date" : "2019-01-07T07:47:04.970+0000" } }
{ "_id" : { "$oid" : "5c3847284a218417c4303c62" }, "attachedFile" : "", "id" : 23, "email" : "dhruvdevsinhgohil@yahoo.com", "subject" : "asdasd", "description" : "asdasdasdasdasdasd", "date_added" : { "$date" : "2019-01-11T07:35:04.821+0000" } }
{ "_id" : { "$oid" : "5c3971d54a218417c4303c63" }, "attachedFile" : "", "id" : 24, "email" : "dhruvdevsinhgohil@yahoo.com", "subject" : "hello ", "description" : "this is good web site", "date_added" : { "$date" : "2019-01-12T04:49:25.578+0000" } }
{ "_id" : { "$oid" : "5c3988234a218417c4303c64" }, "attachedFile" : "", "id" : 25, "email" : "dipesh@d.com", "subject" : "sample subject", "description" : "description sample text", "date_added" : { "$date" : "2019-01-12T06:24:35.539+0000" } }
{ "_id" : { "$oid" : "5c3988564a218417c4303c65" }, "attachedFile" : "", "id" : 26, "email" : "d@d.com", "subject" : "subject", "description" : "description sample", "date_added" : { "$date" : "2019-01-12T06:25:26.274+0000" } }
{ "_id" : { "$oid" : "5c3991364a218417c4303c66" }, "attachedFile" : "", "id" : 27, "email" : "d@d.com", "subject" : "this is temp subject ", "description" : "this is temp description", "date_added" : { "$date" : "2019-01-12T07:03:18.096+0000" } }
{ "_id" : { "$oid" : "5c3ddd234a218417c4303c67" }, "attachedFile" : "", "id" : 28, "email" : "dsfgdfgdfgdg@gmail.com", "subject" : "gfg", "description" : "dgfdgfgsagsdfg", "date_added" : { "$date" : "2019-01-15T13:16:19.191+0000" } }
{ "_id" : { "$oid" : "5c417a5172bb7030d897a9f3" }, "attachedFile" : "", "id" : 29, "email" : "gdfg@d.com", "subject" : "sdsd", "description" : "asdasdsadfsdfdsf", "date_added" : { "$date" : "2019-01-18T07:03:45.279+0000" } }
{ "_id" : { "$oid" : "5c417c8572bb7030d897a9f4" }, "attachedFile" : "", "id" : 30, "email" : "temp@email.com", "subject" : "temp subject", "description" : "temp description adding", "date_added" : { "$date" : "2019-01-18T07:13:09.502+0000" } }
{ "_id" : { "$oid" : "5c45925aac82f13e04521e23" }, "attachedFile" : "", "id" : 31, "email" : "jaydev.jbspl@gmail.com", "subject" : "test", "description" : "this is testing description", "date_added" : { "$date" : "2019-01-21T09:35:22.047+0000" } }
{ "_id" : { "$oid" : "5c4e8c9eac82f13e04521e5c" }, "attachedFile" : "", "id" : 32, "email" : "abc@test.com", "subject" : "test", "description" : "test update the main to manage the code to update ", "date_added" : { "$date" : "2019-01-28T05:01:18.440+0000" } }
