{ "_id" : { "$oid" : "5bcacae02b8ea1b6b0be084f" }, "category_id" : 1, "created_by" : "", "date_created" : "", "date_modified" : { "$date" : "2018-12-11T06:29:46.763+0000" }, "locale" : { "en" : { "category_name" : "Deposit" }, "nl" : { "category_name" : "Storting" }, "es" : { "category_name" : "Depositar" }, "pt" : { "category_name" : "Depósito" }, "zh" : { "category_name" : "存款" }, "ru" : { "category_name" : "депозит" }, "he" : { "category_name" : "депозит" }, "fr" : { "category_name" : "Dépôt" }, "ar" : { "category_name" : "الوديعة" }, "de" : { "category_name" : "Einzahlung" }, "ja" : { "category_name" : "デポジット" }, "ko" : { "category_name" : "보증금" }, "it" : { "category_name" : "deposito" }, "hu" : { "category_name" : "letét" } }, "modified_by" : "", "sort_order" : "5", "status" : 1 }
{ "_id" : { "$oid" : "5bcacaf72b8ea1b6b0be0861" }, "category_id" : 2, "created_by" : "", "date_created" : "", "date_modified" : { "$date" : "2018-12-11T06:31:37.242+0000" }, "locale" : { "en" : { "category_name" : "Withdraw" }, "nl" : { "category_name" : "terugtrekken" }, "es" : { "category_name" : "Retirar" }, "pt" : { "category_name" : "retirar o" }, "zh" : { "category_name" : "退出" }, "ru" : { "category_name" : "Изымать" }, "he" : { "category_name" : "נסיגה" }, "fr" : { "category_name" : "Se désister" }, "ar" : { "category_name" : "سحب" }, "de" : { "category_name" : "Abheben" }, "ja" : { "category_name" : "撤退" }, "ko" : { "category_name" : "빼다" }, "it" : { "category_name" : "ritirarsi" }, "hu" : { "category_name" : "visszavonul" } }, "modified_by" : "", "sort_order" : "1", "status" : 1 }
{ "_id" : { "$oid" : "5bcacb0b2b8ea1b6b0be0870" }, "category_id" : 3, "created_by" : "", "date_created" : "", "date_modified" : { "$date" : "2018-12-11T06:33:06.523+0000" }, "locale" : { "en" : { "category_name" : "Transaction" }, "nl" : { "category_name" : "Transactie" }, "es" : { "category_name" : "Transacción" }, "pt" : { "category_name" : "Transação" }, "zh" : { "category_name" : "交易" }, "ru" : { "category_name" : "Сделка" }, "he" : { "category_name" : "עסקה" }, "fr" : { "category_name" : "Transaction" }, "ar" : { "category_name" : "عملية تجارية" }, "de" : { "category_name" : "Transaktion" }, "ja" : { "category_name" : "トランザクション" }, "ko" : { "category_name" : "트랜잭션" }, "it" : { "category_name" : "Transazione" }, "hu" : { "category_name" : "Tranzakció" } }, "modified_by" : "", "sort_order" : "1", "status" : 1 }
{ "_id" : { "$oid" : "5bcda348f288850cb8b83c16" }, "__v" : 0, "category_id" : 4, "created_by" : "", "date_created" : { "$date" : "2018-10-22T10:15:36.053+0000" }, "date_modified" : { "$date" : "2018-12-11T06:34:39.960+0000" }, "locale" : { "en" : { "category_name" : "Account" }, "nl" : { "category_name" : "Account" }, "es" : { "category_name" : "Cuenta" }, "pt" : { "category_name" : "Conta" }, "zh" : { "category_name" : "帐户" }, "ru" : { "category_name" : "учетная запись" }, "he" : { "category_name" : "חשבון" }, "fr" : { "category_name" : "Compte" }, "ar" : { "category_name" : "الحساب" }, "de" : { "category_name" : "Konto" }, "ja" : { "category_name" : "アカウント" }, "ko" : { "category_name" : "계정" }, "it" : { "category_name" : "account" }, "hu" : { "category_name" : "számla" } }, "modified_by" : "", "sort_order" : "4", "status" : 1 }
