{ "_id" : { "$oid" : "5bcb0aff2b8ea1b6b0be203a" }, "category_id" : { "$oid" : "5bcacae02b8ea1b6b0be084f" }, "created_by" : "", "date_created" : "", "date_modified" : { "$date" : "2018-12-11T06:39:28.016+0000" }, "locale" : { "en" : { "question" : "How do I make Deposit?", "answer" : "Welcome to deposit using a debit/credit card (Visa, Mastercard or Maestro) or an e-wallet such as Skrill, Neteller, or Webmoney.Select your payment methodThe minimum deposit No Limit.Most of our traders choose e-wallets to compare to bank cards as it\nis quicker for withdrawals.Deposit or withdrawal of funds is free of cost." }, "nl" : { "question" : "Hoe stort ik een storting?", "answer" : "Welkom bij storten met een bankpas / creditcard (Visa, Mastercard of Maestro) of een e-wallet zoals Skrill, Neteller of Webmoney.Selecteer uw betaalmethodeDe minimale storting Geen limiet. De meeste van onze handelaren kiezen voor e-wallets om te vergelijken met bankkaarten omdat het sneller is voor opnames. Het deponeren of opnemen van geld is gratis." }, "es" : { "question" : "¿Cómo hago un depósito?", "answer" : "Bienvenido a depositar utilizando una tarjeta de débito / crédito (Visa, Mastercard o Maestro) o una billetera electrónica como Skrill, Neteller o Webmoney. Seleccione su método de pagoEl depósito mínimo No hay límite. Tarjetas bancarias, ya que es más rápido para retiros. El depósito o retiro de fondos está libre de costo." }, "pt" : { "question" : "Como faço um depósito?", "answer" : "Bem-vindo ao depósito usando um cartão de débito / crédito (Visa, Mastercard ou Maestro) ou uma carteira eletrônica, como Skrill, Neteller ou Webmoney.Selecione sua forma de pagamentoO depósito mínimo No Limit.Most dos nossos comerciantes escolhem e-wallets para comparar cartões bancários, pois é mais rápido para saques.Depósito ou retirada de fundos é livre de custos." }, "zh" : { "question" : "我如何存款？", "answer" : "欢迎使用借记卡/信用卡（Visa，万事达卡或Maestro）或电子钱包（如Skrill，Neteller或Webmoney）存款。选择您的付款方式最低存款无限额。我们的交易商大多数选择电子钱包进行比较银行卡作为它\n提款更快。存款或取款是免费的。" }, "ru" : { "question" : "Как мне сделать депозит?", "answer" : "Добро пожаловать на депозит, используя дебетовую / кредитную карту (Visa, Mastercard или Maestro) или электронный кошелек, такой как Skrill, Neteller или Webmoney. Выберите способ оплаты. Минимальный депозит No Limit. Большинство наших трейдеров выбирают электронные кошельки для сравнения с банковские карты как это\nЭто быстрее для снятия средств. Внесение или снятие средств бесплатно." }, "he" : { "question" : "כיצד ניתן לבצע הפקדה?", "answer" : "ברוכים הבאים להפקדה באמצעות כרטיס חיוב / כרטיס אשראי (ויזה, מאסטרקארד או מאסטרו) או ארנק אלקטרוני כגון Skrill, Neteller או Webmoney. בחר את אמצעי התשלום שלך הפקדה מינימלית No Limit.Most של הסוחרים שלנו לבחור ארנקים אלקטרוניים כדי להשוות את כרטיסי בנק כמו זה\nהוא מהיר יותר עבור משיכות.תפוקה או משיכת כספים ללא תשלום." }, "fr" : { "question" : "Comment puis-je effectuer un dépôt?", "answer" : "Bienvenue à déposer en utilisant une carte de débit / crédit (Visa, Mastercard ou Maestro) ou un porte-monnaie électronique tel que Skrill, Neteller ou Webmoney.Sélectionnez votre méthode de paiementLe dépôt minimum sans limite. cartes bancaires comme il\nest plus rapide pour les retraits.Le dépôt ou le retrait de fonds est gratuit." }, "ar" : { "question" : "كيف أقوم بالإيداع؟", "answer" : "مرحبًا في الإيداع باستخدام بطاقة خصم / ائتمان (فيزا أو ماستركارد أو مايسترو) أو محفظة إلكترونية مثل Skrill أو Neteller أو Webmoney. حدد طريقة الدفع الخاصة بك الحد الأدنى للإيداع بلا حدود.معظم المتداولين يختارون المحافظ الإلكترونية للمقارنة البطاقات المصرفية كما هو\nهو أسرع لعمليات السحب. إن إيداع أو سحب الأموال مجاني." }, "de" : { "question" : "Wie zahle ich ein?", "answer" : "Sie können mit einer Debit- / Kreditkarte (Visa, Mastercard oder Maestro) oder einer elektronischen Geldbörse wie Skrill, Neteller oder Webmoney einzahlen Bankkarten wie es\nist schneller für Auszahlungen. Einzahlung oder Auszahlung von Geldern ist kostenlos." }, "ja" : { "question" : "デポジットを作成するには", "answer" : "デビット/クレジットカード（Visa、Mastercard、Maestro）またはSkrill、Neteller、Webmoneyなどの電子ウォレットを使用して預金することを歓迎します。支払い方法を選択してください。最小預け金No Limit.Mostトレーダーの多くは、それとしての銀行カード\n払い戻しの方が早い。資金の控除または撤回は無料である。" }, "ko" : { "question" : "입금은 어떻게해야합니까?", "answer" : "직불 / 신용 카드 (Visa, Mastercard 또는 Maestro) 또는 Skrill, Neteller 또는 Webmoney와 같은 전자 지갑을 사용하여 입금하는 것을 환영합니다. 지불 방법을 선택하십시오. 최소 입금액 제한 없음. 대부분의 거래자가 전자 지갑을 선택합니다. 은행 카드 그대로\n인출에 더 빠릅니다. 자금의 출입 또는 출금은 무료입니다." }, "it" : { "question" : "Come posso effettuare un deposito?", "answer" : "Benvenuto nel deposito usando una carta di debito / credito (Visa, Mastercard o Maestro) o un portafoglio elettronico come Skrill, Neteller o Webmoney. Seleziona il metodo di pagamento Il deposito minimo Nessun limite. La maggior parte dei nostri trader sceglie e-wallet da confrontare carte bancarie come\nè più veloce per i prelievi. Il deposito o il ritiro dei fondi è gratuito." }, "hu" : { "question" : "Hogyan tudom befizetni?", "answer" : "Üdvözöljük a betéti vagy hitelkártyával (Visa, Mastercard vagy Maestro) vagy egy e-pénztárcával, mint például a Skrill, a Neteller vagy a Webmoney. Válassza ki a fizetési módotA minimális befizetési limit. A kereskedőink közül leginkább e-pénztárcákat választanak bankkártyák, ahogy ez\ngyorsabb a visszavonásokhoz.A pénzeszközök visszavonása vagy visszavonása ingyenes." } }, "modified_by" : "", "question_id" : 1, "sort_order" : "1", "status" : 1 }
{ "_id" : { "$oid" : "5bcda12af288850cb8b83c14" }, "__v" : 0, "category_id" : { "$oid" : "5bcacae02b8ea1b6b0be084f" }, "created_by" : "", "date_created" : { "$date" : "2018-10-22T10:06:34.947+0000" }, "date_modified" : { "$date" : "2018-12-11T06:43:51.525+0000" }, "locale" : { "en" : { "question" : "What is the minimum deposit amount?", "answer" : "The minimum amount of deposit is No Limit.If your bank account is in other currency, nothing to worry — Money would be converted automatically, and it is free of cost.When you make a deposit, you’ll able to see the funds on your trading balance immediately.\n" }, "nl" : { "question" : "Wat is het minimale stortingsbedrag?", "answer" : "Het minimale bedrag van de storting is No Limit.Als uw bankrekening in een andere valuta staat, hoeft u zich geen zorgen te maken. Het geld wordt automatisch omgezet en het is gratis. Als u een storting doet, kunt u het geld zien op uw handelsbalans onmiddellijk." }, "es" : { "question" : "¿Cuál es el monto mínimo de depósito?", "answer" : "La cantidad mínima de depósito es Sin Límite. Si su cuenta bancaria está en otra moneda, no se preocupe: el dinero se convertirá automáticamente y no tendrá costo. Cuando realice un depósito, podrá ver los fondos en su saldo comercial de inmediato." }, "pt" : { "question" : "Qual é o valor do depósito mínimo?", "answer" : "O valor mínimo do depósito é No Limit.Se sua conta bancária estiver em outra moeda, nada para se preocupar. O dinheiro será convertido automaticamente e é gratuito. Quando você faz um depósito, pode ver os fundos em seu saldo comercial imediatamente." }, "zh" : { "question" : "最低存款金额是多少？", "answer" : "最低存款金额是无限制。如果您的银行账户是其他货币，不用担心 - 金钱将自动转换，并且免费。当您存款时，您将能够看到资金你的交易余额立即。" }, "ru" : { "question" : "Какова минимальная сумма депозита?", "answer" : "Минимальная сумма депозита не ограничена. Если ваш банковский счет в другой валюте, не о чем беспокоиться - деньги будут конвертированы автоматически, и это бесплатно. Когда вы сделаете депозит, вы сможете увидеть средства ваш торговый баланс немедленно." }, "he" : { "question" : "מהו סכום ההפקדה המינימלי?", "answer" : "הסכום המינימלי של ההפקדה היא No Limit.If חשבון הבנק שלך הוא במטבע אחר, אין מה לדאוג - כסף יומרו באופן אוטומטי, וזה ללא עלות. כאשר אתה מבצע הפקדה, תוכל לראות את הכספים על את יתרת המסחר באופן מיידי." }, "fr" : { "question" : "Quel est le montant du dépôt minimum?", "answer" : "Le montant minimum du dépôt est No Limit.Si votre compte bancaire est dans une autre devise, rien à craindre - l’argent serait converti automatiquement et il n’entraînera aucun frais.Lorsque vous effectuez un dépôt, vous pourrez voir les fonds sur. votre solde commercial immédiatement." }, "ar" : { "question" : "ما هو الحد الأدنى لمبلغ الإيداع؟", "answer" : "الحد الأدنى لمبلغ الإيداع هو بلا حدود. إذا كان حسابك المصرفي بعملات أخرى ، فلا داعي للقلق - سيتم تحويل الأموال تلقائيًا ، كما أنها خالية من التكلفة.عندما تقوم بإيداع ، ستتمكن من رؤية الأموال في رصيد التداول الخاص بك على الفور." }, "de" : { "question" : "Was ist der Mindesteinzahlungsbetrag?", "answer" : "Der Mindestbetrag für die Einzahlung ist No Limit. Wenn Ihr Bankkonto in einer anderen Währung ist, ist dies kein Grund zur Sorge. Das Geld wird automatisch konvertiert und ist kostenlos. Wenn Sie eine Einzahlung tätigen, können Sie die Einzahlung sehen Ihr Handelskonto sofort." }, "ja" : { "question" : "最低預金額はいくらですか？", "answer" : "預金の最低額はノーリミットです。あなたの銀行口座が他の通貨であれば、心配はありません - お金は自動的に変換され、費用は無料です。預金をすると、すぐにあなたの取引残高。" }, "ko" : { "question" : "최소 입금액은 얼마입니까?", "answer" : "보증금의 최소 금액은 제한 없음입니다. 귀하의 은행 계좌가 다른 통화 인 경우 걱정할 것이 없습니다 - 자동으로 금액이 변환되고 비용이 들지 않습니다. 입금하면 보증금을 볼 수 있습니다. 귀하의 거래 잔액을 즉시." }, "it" : { "question" : "Qual è l'importo del deposito minimo?", "answer" : "L'importo minimo del deposito è Nessun limite.Se il tuo conto bancario è in un'altra valuta, niente di cui preoccuparsi - Il denaro verrebbe convertito automaticamente ed è gratuito. Quando effettui un deposito, puoi vedere i fondi su il tuo saldo commerciale immediatamente." }, "hu" : { "question" : "Mi a minimális betét összege?", "answer" : "A minimális befizetési összeg a No Limit. Ha a bankszámlája más pénznemben van, akkor semmi sem kell aggódnia - a pénz automatikusan átalakul, és költségmentes. Ha betétet hajt végre, láthatja az alapokat kereskedési mérlegét azonnal." } }, "modified_by" : "", "question_id" : 3, "sort_order" : "1", "status" : 1 }
{ "_id" : { "$oid" : "5bcda2f1f288850cb8b83c15" }, "__v" : 0, "category_id" : { "$oid" : "5bcacaf72b8ea1b6b0be0861" }, "created_by" : "", "date_created" : { "$date" : "2018-10-22T10:14:09.765+0000" }, "date_modified" : { "$date" : "2018-12-11T06:47:18.894+0000" }, "locale" : { "en" : { "question" : "Withdraw to wrong address", "answer" : "If you deposit from a card, you can withdraw your initial deposit amount back to the card, as it is processed as a refund. You can withdraw the total amount of your deposits over the last 90 days to your card. When this amount exceeded, your profit must\nbe withdrawn to an e-wallet or via bank transfer. If you utilize an e-wallet to deposit, you can only withdraw to the same e-wallet account. If you want to withdraw funds, make a withdrawal request. They are processed by within 3 business days and If\nyou withdraw to a bank card, bank will take another 1-9 business days to process this transaction." }, "nl" : { "question" : "Terugtrekken naar verkeerd adres", "answer" : "Als u stort met een kaart, kunt u uw oorspronkelijke inlegbedrag terugboeken naar de kaart, omdat het wordt verwerkt als een terugbetaling. U kunt het totale bedrag van uw stortingen gedurende de afgelopen 90 dagen opnemen op uw kaart. Wanneer dit bedrag wordt overschreden, moet uw winst worden opgenomen in een e-wallet of via een bankoverschrijving.\n\nAls u een e-wallet gebruikt om te storten, kunt u alleen naar hetzelfde e-wallet-account opnemen. Als u geld wilt opnemen, moet u een opnameverzoek indienen. Ze worden binnen 3 werkdagen verwerkt en als u zich terugtrekt op een bankkaart, duurt het nog een week voordat de bank deze transactie verwerkt." }, "es" : { "question" : "Retirar a la dirección incorrecta", "answer" : "Si deposita desde una tarjeta, puede retirar el monto del depósito inicial a la tarjeta, ya que se procesa como un reembolso. Puede retirar el monto total de sus depósitos en los últimos 90 días a su tarjeta. Cuando se exceda esta cantidad, su beneficio debe ser retirado a una billetera electrónica o mediante transferencia bancaria.\n\nSi utiliza un monedero electrónico para depositar, solo puede retirar fondos a la misma cuenta de monedero electrónico. Si desea retirar fondos, haga una solicitud de retiro. Se procesan dentro de los 3 días hábiles y si se retira a una tarjeta bancaria, el banco tardará entre 1 y 9 días hábiles en procesar esta transacción." }, "pt" : { "question" : "Retirar para endereço errado", "answer" : "Se você depositar de um cartão, poderá retirar o valor do seu depósito inicial de volta ao cartão, pois ele é processado como um reembolso. Você pode retirar o valor total de seus depósitos nos últimos 90 dias para o seu cartão. Quando esse valor for excedido, seu lucro deve ser retirado para uma carteira eletrônica ou por meio de transferência bancária.\n\nSe você utilizar uma e-wallet para depositar, só poderá sacar para a mesma conta de carteira eletrônica. Se você quiser sacar fundos, faça uma solicitação de saque. Eles são processados ​​dentro de 3 dias úteis e, se você retirar um cartão bancário, o banco levará de 1 a 9 dias úteis para processar essa transação." }, "zh" : { "question" : "撤回到错误的地址", "answer" : "如果您使用卡存款，您可以将初始存款金额提取回卡中，因为它会作为退款处理。您可以在过去90天内将存款总额提取到您的卡中。超过这个数额时，您的利润必须\n被提取到电子钱包或通过银行转帐。如果您使用电子钱包存款，您只能退回到同一个电子钱包帐户。如果您想提取资金，请提出提款请求。他们将在3个工作日内完成处理\n如果您退回银行卡，银行将需要另外1-9个工作日来处理此交易。" }, "ru" : { "question" : "Вывести на неправильный адрес", "answer" : "Если вы делаете депозит с карты, вы можете вывести свою первоначальную сумму депозита обратно на карту, так как она обрабатывается как возврат. Вы можете вывести общую сумму своих депозитов за последние 90 дней на свою карту. Когда эта сумма превышена, ваша прибыль должна\nбыть выведены на электронный кошелек или банковским переводом. Если вы используете электронный кошелек для внесения депозита, вы можете вывести средства только на тот же счет. Если вы хотите вывести средства, сделайте запрос на вывод средств. Они обрабатываются в течение 3 рабочих дней, и если\nПри выводе средств на банковскую карту банку потребуется еще 1-9 рабочих дней для обработки этой транзакции." }, "he" : { "question" : "נסיגה לכתובת שגויה", "answer" : "אם אתה מפקיד מכרטיס, תוכל למשוך את סכום ההפקדה הראשונית בחזרה לכרטיס, שכן הוא מעובד כהחזר. אתה יכול לסגת את הסכום הכולל של הפיקדונות שלך במהלך 90 הימים האחרונים אל הכרטיס שלך. כאשר סכום זה עלה, הרווח שלך חייב\nייסוג לארנק אלקטרוני או באמצעות העברה בנקאית. אם אתה משתמש בארנק אלקטרוני להפקיד, אתה יכול רק לסגת לאותו חשבון הארנק האלקטרוני. אם אתה רוצה למשוך כספים, לבצע בקשת הנסיגה. הם מעובדים על ידי 3 ימי עסקים ואם\nאתה לסגת לכרטיס בנק, הבנק ייקח עוד 1-9 ימי עסקים כדי לעבד את העסקה." }, "fr" : { "question" : "Se retirer à la mauvaise adresse", "answer" : "Si vous déposez d'une carte, vous pouvez retirer le montant de votre dépôt initial sur la carte, car il est traité comme un remboursement. Vous pouvez retirer le montant total de vos dépôts sur votre carte au cours des 90 derniers jours. Lorsque ce montant est dépassé, votre bénéfice doit\nêtre retiré sur un portefeuille électronique ou par virement bancaire. Si vous utilisez un portefeuille électronique pour effectuer un dépôt, vous ne pouvez effectuer un retrait que sur le même compte de portefeuille électronique. Si vous souhaitez retirer des fonds, faites une demande de retrait. Ils sont traités dans les 3 jours ouvrables et si\nSi vous retirez une carte bancaire, la banque prendra encore 1 à 9 jours ouvrables pour traiter cette transaction." }, "ar" : { "question" : "الانسحاب إلى عنوان خاطئ", "answer" : "إذا قمت بالإيداع من بطاقة ، يمكنك سحب مبلغ الإيداع الأولي مرة أخرى إلى البطاقة ، حيث تتم معالجتها كرد أموال. يمكنك سحب إجمالي مبلغ الإيداعات خلال الـ 90 يومًا الأخيرة إلى بطاقتك. عندما يتجاوز هذا المبلغ ، يجب أن الربح الخاص بك\nيتم سحبها إلى محفظة إلكترونية أو عن طريق التحويل المصرفي. إذا كنت تستخدم محفظة إلكترونية لإيداعها ، فيمكنك السحب إلى حساب المحفظة الإلكترونية فقط إذا كنت ترغب في سحب الأموال ، قم بتقديم طلب سحب. يتم معالجتها خلال 3 أيام عمل و\nعند السحب إلى بطاقة مصرفية ، سيستغرق البنك من 1 إلى 9 أيام عمل أخرى لمعالجة هذه المعاملة." }, "de" : { "question" : "An falsche Adresse zurückziehen", "answer" : "Wenn Sie von einer Karte einzahlen, können Sie Ihren ursprünglichen Einzahlungsbetrag auf die Karte zurückziehen, da diese als Erstattung verarbeitet wird. Sie können den Gesamtbetrag Ihrer Einzahlungen in den letzten 90 Tagen auf Ihre Karte einzahlen. Wenn dieser Betrag überschritten wird, muss Ihr Gewinn\nzu einer E-Wallet oder per Banküberweisung abgehoben werden. Wenn Sie eine elektronische Geldbörse für die Einzahlung verwenden, können Sie nur auf dasselbe elektronische Geldkonto überweisen. Wenn Sie Geld abheben möchten, stellen Sie eine Auszahlungsanforderung. Sie werden innerhalb von 3 Werktagen bearbeitet und wenn\nWenn Sie auf eine Bankkarte abheben, dauert es ca. 1-9 Werktage, bis die Bank diese Transaktion abwickelt." }, "ja" : { "question" : "間違った住所に撤回する", "answer" : "カードから入金した場合、払い戻しとして処理されるため、初期預金額をカードに戻すことができます。過去90日間の預金総額をカードに引き出せます。この金額を超えると、あなたの利益は\n電子財布に引き取るか、銀行振り込みをしてください。電子ウォレットを利用して入金する場合、同じ電子財布アカウントにのみ引き出すことができます。資金を引き出したい場合は、引き出しを依頼してください。 3営業日以内に処理され、If\nあなたは銀行カードに引き出し、銀行はこの取引を処理するためにさらに1〜9営業日かかります。" }, "ko" : { "question" : "잘못된 주소로 철회", "answer" : "카드로 입금하는 경우 환불 처리되므로 초기 입금액을 카드로 인출 할 수 있습니다. 최근 90 일 동안 입금액 총액을 카드에 인출 할 수 있습니다. 이 금액을 초과하면 수익이 발생해야합니다.\n전자 지갑이나 은행 송금으로 인출 할 수 있습니다. 전자 지갑을 사용하여 입금하는 경우 동일한 전자 지갑 계정으로 만 인출 할 수 있습니다. 기금을 인출하려면 인출 요청을하십시오. 3 영업일 이내에 처리되며 If\n은행 카드로 인출하면 은행은이 거래를 처리하는 데 1-9 영업일이 더 걸릴 것입니다." }, "it" : { "question" : "Ritirare all'indirizzo sbagliato", "answer" : "Se depositi da una carta, puoi ritirare l'importo del deposito iniziale sulla carta, poiché viene elaborato come rimborso. Puoi prelevare l'importo totale dei tuoi depositi negli ultimi 90 giorni sulla tua carta. Quando questo importo è superato, il tuo profitto deve\nessere ritirato su un e-wallet o tramite bonifico bancario. Se si utilizza un e-wallet da depositare, è possibile ritirare lo stesso account e-wallet. Se desideri prelevare fondi, fai una richiesta di prelievo. Vengono elaborati entro 3 giorni lavorativi e If\nti ritiri su una carta bancaria, la banca impiegherà altri 1-9 giorni lavorativi per elaborare questa transazione." }, "hu" : { "question" : "Vonja vissza a rossz címre", "answer" : "Ha letétbe helyez egy kártyát, visszavonhatja az eredeti befizetési összeget a kártyára, mivel azt visszatérítésként kezeli. A kártyán az elmúlt 90 napban visszavonhatja a betétek teljes összegét. Ha ez az összeg meghaladja a nyereséget\nvisszavonható e-pénztárcába vagy banki átutalással. Ha Ön e-pénztárcát használ fel letétbe helyezésére, akkor csak az e-pénztárcához tartozó fiókra térhet vissza. Ha pénzt szeretne visszavonni, kérjen visszavonási kérelmet. 3 munkanapon belül feldolgozzák és If\nakkor visszavonja bankkártyájára, akkor a bank további 1-9 munkanapot vesz igénybe a tranzakció feldolgozásához." } }, "modified_by" : "", "question_id" : 4, "sort_order" : "1", "status" : 1 }
{ "_id" : { "$oid" : "5bcda384f288850cb8b83c17" }, "__v" : 0, "category_id" : { "$oid" : "5bcda348f288850cb8b83c16" }, "created_by" : "", "date_created" : { "$date" : "2018-10-22T10:16:36.976+0000" }, "date_modified" : { "$date" : "2018-12-11T06:50:38.385+0000" }, "locale" : { "en" : { "question" : "How long does it take to verify my account?", "answer" : "It takes 1-3 business days to verify your account if you have done everything right." }, "nl" : { "question" : "Hoe lang duurt het om mijn account te verifiëren?", "answer" : "Het duurt 1-3 werkdagen om uw account te verifiëren als u alles goed hebt gedaan." }, "es" : { "question" : "¿Cuánto tiempo lleva verificar mi cuenta?", "answer" : "Se requieren de 1 a 3 días hábiles para verificar su cuenta si ha hecho todo bien." }, "pt" : { "question" : "Quanto tempo demora para confirmar minha conta?", "answer" : "Leva de 1 a 3 dias úteis para verificar sua conta, caso você tenha feito tudo certo." }, "zh" : { "question" : "验证我的帐户需要多长时间？", "answer" : "如果您已完成所有操作，则需要1-3个工作日来验证您的帐户。" }, "ru" : { "question" : "Сколько времени занимает проверка моей учетной записи?", "answer" : "Проверка вашего аккаунта занимает 1-3 рабочих дня, если вы все сделали правильно." }, "he" : { "question" : "כמה זמן נדרש כדי לאמת את החשבון שלי?", "answer" : "זה לוקח 1-3 ימי עסקים כדי לאמת את החשבון שלך אם עשית הכל נכון." }, "fr" : { "question" : "Combien de temps faut-il pour vérifier mon compte?", "answer" : "Il faut 1 à 3 jours ouvrables pour vérifier votre compte si vous avez tout fait correctement." }, "ar" : { "question" : "كم من الوقت يستغرق التحقق من حسابي؟", "answer" : "يستغرق الأمر من يوم إلى ثلاثة أيام عمل للتحقق من حسابك إذا كنت قد فعلت كل شيء بشكل صحيح." }, "de" : { "question" : "Wie lange dauert die Bestätigung meines Kontos?", "answer" : "Es dauert 1-3 Werktage, um Ihr Konto zu überprüfen, wenn Sie alles richtig gemacht haben." }, "ja" : { "question" : "アカウントの確認にはどのくらいの時間がかかりますか？", "answer" : "すべてのことを正しく行っていれば、アカウントの確認には1〜3営業日かかります。" }, "ko" : { "question" : "내 계좌를 확인하는 데 얼마나 걸리나요?", "answer" : "모든 것이 올바르게 완료되면 영업일 기준 1-3 일 (영업일 기준)이 소요됩니다." }, "it" : { "question" : "Quanto ci vuole per verificare il mio account?", "answer" : "Ci vogliono 1-3 giorni lavorativi per verificare il tuo account se hai fatto tutto bene." }, "hu" : { "question" : "Mennyi időbe telik a fiókom ellenőrzése?", "answer" : "1-3 munkanapon belül igazolja a fiókját, ha mindent megtett." } }, "modified_by" : "", "question_id" : 5, "sort_order" : "1", "status" : 1 }
{ "_id" : { "$oid" : "5be1566668effc38c831ab73" }, "__v" : 0, "category_id" : { "$oid" : "5bcacb0b2b8ea1b6b0be0870" }, "created_by" : "", "date_created" : { "$date" : "2018-11-06T08:52:54.102+0000" }, "date_modified" : { "$date" : "2018-12-11T06:53:57.168+0000" }, "locale" : { "en" : { "question" : "What is the best time to choose for trading?", "answer" : "The best time for trading depends on the strategy of trading and few other elements. You should pay attention to the market agendas. You should also follow every day's market news. For inexperienced traders, it is better not to trade when prices are highly dynamic." }, "nl" : { "question" : "Wat is de beste tijd om voor de handel te kiezen?", "answer" : "De beste handelsperiode hangt af van de handelsstrategie en enkele andere elementen. Je moet aandacht besteden aan de marktagenda's. Je moet ook het marktnieuws van elke dag volgen. Voor onervaren handelaren is het beter om niet te handelen wanneer de prijzen zeer dynamisch zijn." }, "es" : { "question" : "¿Cuál es el mejor momento para elegir para el comercio?", "answer" : "El mejor momento para el comercio depende de la estrategia del comercio y algunos otros elementos. Debes prestar atención a las agendas del mercado. También debe seguir las noticias del mercado de todos los días. Para los comerciantes inexpertos, es mejor no comerciar cuando los precios son muy dinámicos." }, "pt" : { "question" : "Qual é o melhor momento para escolher para negociação?", "answer" : "O melhor momento para negociação depende da estratégia de negociação e de alguns outros elementos. Você deve prestar atenção às agendas do mercado. Você também deve seguir as notícias do mercado todos os dias. Para os comerciantes inexperientes, é melhor não negociar quando os preços são altamente dinâmicos." }, "zh" : { "question" : "什么是交易选择的最佳时机？", "answer" : "交易的最佳时机取决于交易策略和其他一些因素。你应该注意市场议程。你还应该关注每一天的市场新闻。对于没有经验的交易者，最好不要在价格高度动态时进行交易。" }, "ru" : { "question" : "Какое время лучше выбрать для торговли?", "answer" : "Лучшее время для торговли зависит от стратегии торговли и нескольких других элементов. Вы должны обратить внимание на рыночные повестки дня. Вы также должны следить за новостями рынка каждый день. Для неопытных трейдеров лучше не торговать, когда цены очень динамичны." }, "he" : { "question" : "מהו הזמן הטוב ביותר לבחור עבור המסחר?", "answer" : "הזמן הטוב ביותר למסחר תלוי באסטרטגיית המסחר ועוד כמה אלמנטים. אתה צריך לשים לב לסדר היום בשוק. אתה צריך גם לעקוב אחר כל יום בשוק חדשות. עבור סוחרים חסרי ניסיון, עדיף לא לסחור כאשר המחירים דינמיים מאוד." }, "fr" : { "question" : "Quel est le meilleur moment pour choisir pour le commerce?", "answer" : "Le meilleur moment pour négocier dépend de la stratégie de négociation et de quelques autres éléments. Vous devriez faire attention aux agendas du marché. Vous devez également suivre l'actualité du marché tous les jours. Pour les commerçants inexpérimentés, il est préférable de ne pas échanger lorsque les prix sont très dynamiques." }, "ar" : { "question" : "ما هو أفضل وقت للاختيار للمتاجرة؟", "answer" : "يعتمد أفضل وقت للتداول على إستراتيجية التداول وعناصر أخرى قليلة. يجب الانتباه إلى جداول أعمال السوق. يجب عليك أيضا متابعة أخبار السوق كل يوم. بالنسبة للمتداولين غير المجربين ، من الأفضل عدم التداول عندما تكون الأسعار ديناميكية للغاية." }, "de" : { "question" : "Was ist die beste Zeit für den Handel?", "answer" : "Die beste Zeit für den Handel hängt von der Strategie des Handels und wenigen anderen Elementen ab. Sie sollten die Marktagenden beachten. Sie sollten auch die täglichen Marktnachrichten verfolgen. Für unerfahrene Händler ist es besser, nicht zu handeln, wenn die Preise sehr dynamisch sind." }, "ja" : { "question" : "取引のために選ぶのに最適な時期は何ですか？", "answer" : "取引の最適な時間は、取引の戦略やその他の要素に依存します。あなたは市場の議題に注意を払うべきです。また、毎日の市場ニュースに従ってください。経験の浅いトレーダーにとっては、価格が非常に動的である場合には取引しないほうがよい。" }, "ko" : { "question" : "거래를하기에 가장 좋은 시간은 무엇입니까?", "answer" : "거래에 가장 좋은 시간은 거래 전략 및 기타 요소에 따라 다릅니다. 시장 의제에주의를 기울여야합니다. 당신은 또한 매일 시장 뉴스를 따라야합니다. 미숙 한 상인을 위해, 가격이 높게 동쪽 일 때 무역하는 것이 낫다." }, "it" : { "question" : "Qual è il momento migliore per scegliere per il trading?", "answer" : "Il momento migliore per il trading dipende dalla strategia di trading e pochi altri elementi. Dovresti prestare attenzione alle agende del mercato. Dovresti anche seguire le notizie di mercato di tutti i giorni. Per i commercianti inesperti, è meglio non scambiare quando i prezzi sono altamente dinamici." }, "hu" : { "question" : "Mi a legjobb választás a kereskedéshez?", "answer" : "A kereskedelem legjobb ideje a kereskedelem stratégiájától és néhány más elemtől függ. Figyelnie kell a piaci menetrendekre. A napi piaci híreket is követnie kell. A tapasztalatlan kereskedők számára jobb, ha nem kereskednek, ha az árak dinamikusak." } }, "modified_by" : "", "question_id" : 6, "sort_order" : "1", "status" : 1 }
{ "_id" : { "$oid" : "5be1625368effc38c831ab74" }, "__v" : 0, "category_id" : { "$oid" : "5bcacaf72b8ea1b6b0be0861" }, "created_by" : "", "date_created" : { "$date" : "2018-11-06T09:43:47.957+0000" }, "date_modified" : { "$date" : "2018-12-11T06:57:31.143+0000" }, "locale" : { "en" : { "question" : "Is it necessary to provide any documents to make a withdrawal?", "answer" : "Yes, You need to authenticate your identity if you want to withdraw funds. Account authentication is essential to prevent fraud in online financial transactions." }, "nl" : { "question" : "Is het nodig om documenten te verstrekken om een ​​opname te maken?", "answer" : "Ja, u moet uw identiteit verifiëren als u geld wilt opnemen. Accountverificatie is essentieel om fraude bij online financiële transacties te voorkomen." }, "es" : { "question" : "¿Es necesario presentar algún documento para realizar un retiro?", "answer" : "Sí, debe autenticar su identidad si desea retirar fondos. La autenticación de la cuenta es esencial para prevenir el fraude en las transacciones financieras en línea." }, "pt" : { "question" : "Szükséges-e bármilyen dokumentumot benyújtani a visszavonáshoz?", "answer" : "Sim, você precisa autenticar sua identidade se quiser retirar fundos. A autenticação da conta é essencial para evitar fraudes nas transações financeiras on-line." }, "zh" : { "question" : "是否有必要提供任何文件才能提款？", "answer" : "是的，如果您想提取资金，您需要验证您的身份。帐户身份验证对于防止在线金融交易中的欺诈至关重要" }, "ru" : { "question" : "Нужно ли предоставлять какие-либо документы для вывода средств?", "answer" : "Да, вам необходимо подтвердить свою личность, если вы хотите снять средства. Аутентификация учетной записи необходима для предотвращения мошенничества в онлайн-транзакциях." }, "he" : { "question" : "האם יש צורך לספק את כל המסמכים כדי לבצע נסיגה?", "answer" : "כן, אתה צריך לאמת את הזהות שלך אם אתה רוצה למשוך כספים. אימות חשבון חיוני כדי למנוע הונאה בעסקאות פיננסיות מקוונות." }, "fr" : { "question" : "Est-il nécessaire de fournir des documents pour effectuer un retrait?", "answer" : "Oui, vous devez authentifier votre identité si vous souhaitez retirer des fonds. L’authentification du compte est essentielle pour prévenir la fraude dans les transactions financières en ligne." }, "ar" : { "question" : "هل من الضروري تقديم أي وثائق لإجراء سحب؟", "answer" : "نعم ، تحتاج إلى توثيق هويتك إذا كنت تريد سحب الأموال. تعد مصادقة الحساب ضرورية لمنع الاحتيال في المعاملات المالية عبر الإنترنت." }, "de" : { "question" : "Müssen Unterlagen für eine Auszahlung vorgelegt werden?", "answer" : "Ja, Sie müssen Ihre Identität authentifizieren, wenn Sie Geld abheben möchten. Die Kontoauthentifizierung ist wichtig, um Betrug bei Online-Finanztransaktionen zu verhindern." }, "ja" : { "question" : "脱退するために必要な書類を提出する必要がありますか？", "answer" : "はい、資金を引き出したい場合は、あなたの身元を認証する必要があります。アカウントの認証は、オンライン金融取引の不正を防ぐために不可欠です。" }, "ko" : { "question" : "철회를위한 서류를 제출해야합니까?", "answer" : "예, 자금을 인출하려는 경우 신원을 인증해야합니다. 계정 인증은 온라인 금융 거래에서 사기를 방지하는 데 필수적입니다." }, "it" : { "question" : "È necessario fornire tutti i documenti per effettuare un prelievo?", "answer" : "Sì, è necessario autenticare la propria identità se si desidera prelevare fondi. L'autenticazione dell'account è essenziale per prevenire le frodi nelle transazioni finanziarie online." }, "hu" : { "question" : "Szükséges-e bármilyen dokumentumot benyújtani a visszavonáshoz?", "answer" : "Igen, hitelesítenie kell személyazonosságát, ha pénzt szeretne visszavonni. A fiók hitelesítésének elengedhetetlen az online pénzügyi tranzakciók csalásának megakadályozása." } }, "modified_by" : "", "question_id" : 7, "sort_order" : "2", "status" : 1 }
