{ "_id" : { "$oid" : "5c3491c2ae7702e4a100fd18" }, "locale" : { "en" : { "module_name" : "Module1", "description" : "This is Module1 description" } }, "created_by" : "", "date_created" : "", "date_modified" : "", "modified_by" : "", "sort_order" : "1", "status" : 1 }
{ "_id" : { "$oid" : "5c3577c47ee63f47c816020c" }, "locale" : { "en" : { "module_name" : "Module2", "description" : "This is Module2 description" } }, "created_by" : "", "date_created" : "", "date_modified" : "", "modified_by" : "", "sort_order" : "1", "status" : 1 }
{ "_id" : { "$oid" : "5c3577c57ee63f47c816020d" }, "locale" : { "en" : { "module_name" : "Module3", "description" : "This is Module3 description" } }, "created_by" : "", "date_created" : "", "date_modified" : "", "modified_by" : "", "sort_order" : "1", "status" : 1 }
{ "_id" : { "$oid" : "5c3577c77ee63f47c816020e" }, "locale" : { "en" : { "module_name" : "Module4", "description" : "This is Module4 description" } }, "created_by" : "", "date_created" : "", "date_modified" : "", "modified_by" : "", "sort_order" : "1", "status" : 1 }
{ "_id" : { "$oid" : "5c3577c87ee63f47c816020f" }, "locale" : { "en" : { "module_name" : "Module5", "description" : "This is Module5 description" } }, "created_by" : "", "date_created" : "", "date_modified" : "", "modified_by" : "", "sort_order" : "1", "status" : 1 }
{ "_id" : { "$oid" : "5c3577c97ee63f47c8160210" }, "locale" : { "en" : { "module_name" : "Module6", "description" : "This is Module6 description" } }, "created_by" : "", "date_created" : "", "date_modified" : "", "modified_by" : "", "sort_order" : "1", "status" : 1 }
{ "_id" : { "$oid" : "5c3577ca7ee63f47c8160211" }, "locale" : { "en" : { "module_name" : "Module7", "description" : "This is Module7 description" } }, "created_by" : "", "date_created" : "", "date_modified" : "", "modified_by" : "", "sort_order" : "1", "status" : 1 }
