{ "_id" : { "$oid" : "5c0f413c679cbf09cceb532a" }, "languages" : [ { "_id" : { "$oid" : "5c121f5d0be56908dc7bf879" }, "languageId" : { "$oid" : "5bc46d11c3ab4a9125fdd5c6" }, "status" : 1, "isDefault" : 0 }, { "_id" : { "$oid" : "5c121f5d0be56908dc7bf878" }, "languageId" : { "$oid" : "5bc46cd5c3ab4a9125fdd5a4" }, "status" : 1, "isDefault" : 1 }, { "_id" : { "$oid" : "5c121f5d0be56908dc7bf877" }, "languageId" : { "$oid" : "5bfe290e7ee63f463436800c" }, "status" : 1, "isDefault" : 0 }, { "_id" : { "$oid" : "5c121f5d0be56908dc7bf876" }, "languageId" : { "$oid" : "5bfe28f77ee63f463436800a" }, "status" : 1, "isDefault" : 0 }, { "_id" : { "$oid" : "5c1223100be56908dc7bf882" }, "languageId" : { "$oid" : "5bc46d27c3ab4a9125fdd5d4" }, "status" : 1, "isDefault" : 0 }, { "_id" : { "$oid" : "5c1ba3062d159d24d0d13664" }, "languageId" : { "$oid" : "5bc46d1ec3ab4a9125fdd5cf" }, "status" : 1, "isDefault" : 0 }, { "_id" : { "$oid" : "5c1ba3062d159d24d0d13663" }, "languageId" : { "$oid" : "5bfe28bb7ee63f4634368005" }, "status" : 1, "isDefault" : 0 }, { "_id" : { "$oid" : "5c1ba3062d159d24d0d13662" }, "languageId" : { "$oid" : "5bfe29017ee63f463436800b" }, "status" : 1, "isDefault" : 0 }, { "_id" : { "$oid" : "5c1ba3062d159d24d0d13661" }, "languageId" : { "$oid" : "5bfe28ed7ee63f4634368009" }, "status" : 1, "isDefault" : 0 }, { "_id" : { "$oid" : "5c1ba3062d159d24d0d13660" }, "languageId" : { "$oid" : "5bfe29197ee63f463436800d" }, "status" : 1, "isDefault" : 0 }, { "_id" : { "$oid" : "5c1ba3062d159d24d0d1365f" }, "languageId" : { "$oid" : "5bfe29237ee63f463436800e" }, "status" : 1, "isDefault" : 0 }, { "_id" : { "$oid" : "5c1ba3062d159d24d0d1365e" }, "languageId" : { "$oid" : "5bfe292e7ee63f463436800f" }, "status" : 1, "isDefault" : 0 }, { "_id" : { "$oid" : "5c1ba3062d159d24d0d1365d" }, "languageId" : { "$oid" : "5bfe293a7ee63f4634368010" }, "status" : 1, "isDefault" : 0 }, { "_id" : { "$oid" : "5c1ba3062d159d24d0d1365c" }, "languageId" : { "$oid" : "5bfe29457ee63f4634368011" }, "status" : 1, "isDefault" : 0 } ], "date_created" : "", "date_modified" : "", "created_by" : "", "modified_by" : "" }
