{ "_id" : { "$oid" : "5bc46cd5c3ab4a9125fdd5a4" }, "id" : 1, "language_name" : "English", "code" : "en", "rtlLayout" : "false", "locale" : "en-US", "status" : 1, "sort_order" : 1 }
{ "_id" : { "$oid" : "5bc46d11c3ab4a9125fdd5c6" }, "id" : 2, "language_name" : "Dutch", "code" : "nl", "rtlLayout" : false, "locale" : "nl-be", "status" : 1, "sort_order" : 2 }
{ "_id" : { "$oid" : "5bc46d1ec3ab4a9125fdd5cf" }, "id" : 3, "language_name" : "Spenish", "code" : "es", "rtlLayout" : false, "locale" : "es-co", "status" : 1, "sort_order" : 3 }
{ "_id" : { "$oid" : "5bc46d27c3ab4a9125fdd5d4" }, "id" : 4, "language_name" : "Portuguese", "code" : "pt", "rtlLayout" : false, "locale" : "pt-BR", "status" : 1, "sort_order" : 4 }
{ "_id" : { "$oid" : "5bfe28bb7ee63f4634368005" }, "id" : 5, "language_name" : "Chinese", "code" : "zh", "locale" : "zh-Hans", "status" : 1, "sort_order" : 5 }
{ "_id" : { "$oid" : "5bfe28ed7ee63f4634368009" }, "id" : 6, "language_name" : "Russian", "code" : "ru", "rtlLayout" : false, "locale" : "ru_RU", "status" : 1, "sort_order" : 6 }
{ "_id" : { "$oid" : "5bfe28f77ee63f463436800a" }, "id" : 7, "language_name" : "Hebrew", "code" : "he", "rtlLayout" : true, "locale" : "he_HE", "status" : 1, "sort_order" : 7 }
{ "_id" : { "$oid" : "5bfe29017ee63f463436800b" }, "id" : 8, "language_name" : "French", "code" : "fr", "rtlLayout" : false, "locale" : "fr_FR", "status" : 1, "sort_order" : 8 }
{ "_id" : { "$oid" : "5bfe290e7ee63f463436800c" }, "id" : 9, "language_name" : "Arabic", "code" : "ar", "rtlLayout" : true, "locale" : "ar-SA", "status" : 1, "sort_order" : 9 }
{ "_id" : { "$oid" : "5bfe29197ee63f463436800d" }, "id" : 10, "language_name" : "German", "code" : "de", "rtlLayout" : false, "locale" : "de-DE", "status" : 1, "sort_order" : 10 }
{ "_id" : { "$oid" : "5bfe29237ee63f463436800e" }, "id" : 11, "language_name" : "Japanese", "code" : "ja", "rtlLayout" : false, "locale" : "ja_JA", "status" : 1, "sort_order" : 11 }
{ "_id" : { "$oid" : "5bfe292e7ee63f463436800f" }, "id" : 12, "language_name" : "Korean", "code" : "ko", "rtlLayout" : false, "locale" : "ko_KO", "status" : 1, "sort_order" : 12 }
{ "_id" : { "$oid" : "5bfe293a7ee63f4634368010" }, "id" : 13, "language_name" : "Italian", "code" : "it", "rtlLayout" : false, "locale" : "it_IT", "status" : 1, "sort_order" : 13 }
{ "_id" : { "$oid" : "5bfe29457ee63f4634368011" }, "id" : 14, "language_name" : "Hungarian", "code" : "hu", "rtlLayout" : false, "locale" : "hu_HU", "status" : 1, "sort_order" : 14 }
