{ "_id" : { "$oid" : "5be117e00e3905212c5b2224" }, "__v" : 0, "created_by" : "", "date_created" : { "$date" : "2018-11-06T04:26:08.869+0000" }, "date_modified" : { "$date" : "2019-01-23T12:16:45.941+0000" }, "from_date" : "2018-11-05", "locale" : { "en" : { "title" : "COOLDEX Has Distributed October GAS, ONG, VTHO and NPXS", "content" : "<p>COOLDEX has completed its system maintenance and we will resume all trading activity&nbsp;From now until the commencement of trading, users will be able to cancel orders, process deposits, withdrawals, and use all other account related functions.</p>" }, "nl" : { "title" : "COOLDEX heeft oktober GAS, ONG, VTHO en NPXS gedistribueerd", "content" : "<p>COOLDEX&nbsp;heeft de distributie van alle GAS, ONG, VTHO en NPXS voltooid voor de maand oktober 2018. NEO-, ONT-, VET- en NPXS-houders kunnen de ontvangst van deze stortingen bevestigen via de pagina \"Distributiegeschiedenis\" in het Gebruikerscentrum.</p>" }, "es" : { "title" : "COOLDEX heeft oktober GAS, ONG, VTHO en NPXS gedistribueerd", "content" : "<p>COOLDEX ha completado la distribución de todos los GAS, ONG, VTHO y NPXS para el mes de octubre de 2018. Los titulares de NEO, ONT, VET y NPXS pueden confirmar la recepción de estos depósitos a través de la página \"Historial de distribución\" en el Centro de usuarios.</p>" }, "pt" : { "title" : "COOLDEX distribuiu outubro GAS, ONG, VTHO e NPXS", "content" : "<p>A COOLDEX concluiu a distribuição de todo o GAS, ONG, VTHO e NPXS para o mês de outubro de 2018. Os detentores NEO, ONT, VET e NPXS podem confirmar o recebimento desses depósitos através da página “Histórico de distribuição” no Centro de usuários.</p>" }, "fr" : { "title" : "COOLDEX a distribué Octobre GAS, ONG, VTHO et NPXS", "content" : "<p>COOLDEX a terminé la maintenance de son système et nous allons reprendre toutes les activités de trading. Jusqu'au début des transactions, les utilisateurs pourront annuler des commandes, traiter des dépôts, des retraits et utiliser toutes les autres fonctions liées au compte.</p>" }, "it" : { "title" : "COOLDEX ha distribuito ottobre GAS, ONG, VTHO e NPXS", "content" : "<p>COOLDEX ha completato la manutenzione del sistema e riprenderemo tutte le attività di trading. Da ora fino all'inizio del trading, gli utenti saranno in grado di annullare gli ordini, elaborare depositi, prelievi e utilizzare tutte le altre funzioni relative all'account.</p>" }, "he" : { "title" : "COOLDEX הפצה אוקטובר GAS, ONG, VTHO ו NPXS", "content" : "COOLDEX השלימה את תחזוקת המערכת שלה ואנו נחדש את כל פעילות המסחר מעתה ועד תחילת המסחר, המשתמשים יוכלו לבטל הזמנות, הפקדות תהליך, משיכות, ולהשתמש בכל הפונקציות הקשורות לחשבון אחרים." }, "ru" : { "title" : "COOLDEX распространил октябрьский газ, ONG, VTHO и NPXS", "content" : "<p>COOLDEX завершил техническое обслуживание своей системы, и мы возобновим всю торговую деятельность. С этого момента и до начала торговли пользователи смогут отменять заказы, обрабатывать депозиты, снятие средств и использовать все другие функции, связанные с аккаунтом.</p>" }, "hu" : { "title" : "A COOLDEX októberben elosztotta a GAS, az ONG, a VTHO és az NPXS", "content" : "<p>A COOLDEX befejezte a rendszer karbantartását, és folytatni fogjuk az összes kereskedelmi tevékenységet. Mostantól kezdve a kereskedés kezdetéig a felhasználók képesek lesznek megszüntetni a megrendeléseket, feldolgozni a betéteket, kivonni, és felhasználni az összes többi számlával kapcsolatos funkciót.</p>" }, "zh" : { "title" : "COOLDEX已分发10月GAS，ONG，VTHO和NPXS", "content" : "<p>COOLDEX已完成系统维护，我们将恢复所有交易活动从现在起直到交易开始，用户将能够取消订单，处理存款，取款以及使用所有其他账户相关功能。</p>" }, "ko" : { "title" : "COOLDEX는 10 월 GAS, ONG, VTHO 및 NPXS를 분산 시켰습니다.", "content" : "<p>COOLDEX는 시스템 유지 보수를 완료했으며 우리는 모든 거래 활동을 재개 할 것입니다. 지금부터 거래 시작까지 사용자는 주문 취소, 예금 처리, 인출 및 기타 모든 계정 관련 기능을 사용할 수 있습니다.</p>" }, "ar" : { "title" : "قامت COOLDEX بتوزيع GAS و ONG و VTHO و NPXS في أكتوبر", "content" : "أكملت COOLDEX صيانة نظامها وسنستأنف جميع أنشطة التداول من الآن وحتى بدء التداول ، سيتمكن المستخدمون من إلغاء الطلبات وعمليات الإيداع والسحب واستخدام جميع الوظائف الأخرى ذات الصلة بالحساب." }, "de" : { "title" : "COOLDEX hat im Oktober GAS, ONG, VTHO und NPXS vertrieben", "content" : "<p>COOLDEX hat die Systemwartung abgeschlossen und wir werden alle Handelsaktivitäten wieder aufnehmen. Bis zum Beginn des Handels können Benutzer Bestellungen stornieren, Einzahlungen und Auszahlungen bearbeiten und alle anderen kontobezogenen Funktionen verwenden.</p>" }, "ja" : { "title" : "COOLDEXは10月のGAS、ONG、VTHO、NPXSを配布しています", "content" : "<p>COOLDEXはシステムメンテナンスを完了し、すべての取引活動を再開する予定です。取引の開始まで、ユーザーは注文をキャンセルし、預金を処理し、引き出しを行い、他のすべてのアカウント関連機能を使用することができます。</p>" } }, "modified_by" : "", "newsid" : 4, "sort_order" : "2", "status" : 1, "to_date" : "2018-11-07", "type" : 1 }
{ "_id" : { "$oid" : "5be11c330e3905212c5b2225" }, "__v" : 0, "created_by" : "", "date_created" : { "$date" : "2018-11-06T04:44:35.812+0000" }, "date_modified" : { "$date" : "2018-12-11T06:19:31.485+0000" }, "from_date" : "2018-11-06", "locale" : { "en" : { "title" : "COOLDEX System Maintenance Extension", "content" : "<p>COOLDEX’s ongoing system maintenance will be extended by approximately an hour to 2018/11/06 08:00 AM (UTC). The data synchronization is taking longer than expected. Our team is working hard to complete the maintenance as quickly as possible.</p>\n<p>Another announcement will be made once the maintenance is complete. Users will be given some time to cancel existing orders, deposit, withdraw and use other account functions before trading resumes. Please stay tuned for further information.</p>\n<p>We apologize for any inconvenience caused, and thank you for your patience.</p>" }, "nl" : { "title" : "COOLDEX  Systeemonderhoudsuitbreiding", "content" : "<p>Het voortdurende systeemonderhoud van COOLDEX wordt met ongeveer een uur verlengd tot 2018/11/06 08:00 AM (UTC). De gegevenssynchronisatie duurt langer dan verwacht. Ons team werkt er hard aan om het onderhoud zo snel mogelijk te voltooien.\n</p>\n<p>\n    Een andere aankondiging zal worden gedaan zodra het onderhoud is voltooid. Gebruikers krijgen de tijd om bestaande bestellingen te annuleren, te storten, in te trekken en andere accountfuncties te gebruiken voordat ze cv's gaan gebruiken.</p>\n<p> Blijf alstublieft op de hoogte voor meer informatie. Onze excuses voor het eventuele ongemak en bedankt voor uw geduld.</p>" }, "es" : { "title" : "Ampliación del mantenimiento del sistema COOLDEX ", "content" : "<p>El mantenimiento continuo del sistema de COOLDEX se extenderá aproximadamente una hora hasta el 2018/11/06 08:00 AM (UTC). La sincronización de datos está tardando más de lo esperado. Nuestro equipo está trabajando duro para completar el mantenimiento\n    lo más rápido posible.</p>\n<p>\n\n    Se hará otro anuncio una vez que se complete el mantenimiento. Los usuarios tendrán tiempo para cancelar los pedidos existentes, depositar, retirar y usar otras funciones de la cuenta antes de reanudar las operaciones. </p>\n<p>Por favor, estad atentos para más información. Nos disculpamos por cualquier inconveniente causado, y le agradecemos su paciencia.</p>" }, "pt" : { "title" : "Extensão de Manutenção do Sistema COOLDEX ", "content" : "<p>A manutenção contínua do sistema da COOLDEX será estendida por aproximadamente uma hora até 2018/11/06 08:00 AM (UTC). A sincronização de dados está demorando mais que o esperado. Nossa equipe está trabalhando duro para concluir a manutenção o mais\n    rápido possível.\n</p>\n<p>\n    Outro anúncio será feito assim que a manutenção for concluída. Os usuários terão tempo para cancelar pedidos existentes, depositar, retirar e usar outras funções da conta antes de retomar a negociação. Por favor, fique atento para mais informações.\n</p>\n<p>\n    Pedimos desculpas por qualquer inconveniente causado e agradecemos sua paciência.</p>" }, "zh" : { "title" : "COOLDEX已完成系统维护，我们将恢复所有交易活动从现在起直到交易开始，用户将能够取消订单，处理存款，取款以及使用所有其他账户相关功能。", "content" : "<p>COOLDEX正在进行的系统维护将延长大约一小时到2018/11/06 08:00 AM（UTC）。数据同步花费的时间比预期的要长。我们的团队正在努力尽快完成维护。</p>\n<p>维护完成后，将另行发布公告。在交易简历之前，用户将有一些时间取消现有订单，存款，取款和使用其他账户功能。请继续关注以获取更多信息。</p>\n<p>对由此造成的不便，我们深表歉意，并感谢您的耐心等待</p>" }, "ru" : { "title" : "Расширение обслуживания системы COOLDEX", "content" : "<p> Текущее обслуживание системы COOLDEX будет продлено примерно на час до 2018/11/06 08:00 (UTC). Синхронизация данных занимает больше времени, чем ожидалось. Наша команда работает над тем, чтобы завершить техническое обслуживание как можно быстрее. </p>\n<p> Еще одно объявление будет сделано после завершения обслуживания. Пользователям будет предоставлено время для отмены существующих ордеров, внесения депозита, снятия средств и использования других функций аккаунта до возобновления торговли. Пожалуйста, следите за обновлениями для получения дополнительной информации. </p>\n<p> Приносим извинения за причиненные неудобства и благодарим за терпение. </p>" }, "he" : { "title" : "COOLDEX הרחבת תחזוקת המערכת", "content" : "<p>תחזוקת המערכת השוטפת של COOLDEX תורחב בכשעה עד 2018/11/06 08:00 (UTC). סנכרון הנתונים נמשך זמן רב מהצפוי. הצוות שלנו הוא עובד קשה כדי להשלים את התחזוקה מהר ככל האפשר.</p>\n<p>הודעה נוספת תבוצע לאחר השלמת התחזוקה. המשתמשים יקבלו זמן מה לבטל הזמנות קיימות, הפקדה, משיכה ושימוש בפונקציות חשבון אחרות לפני חידוש המסחר. המשך להתעדכן לקבלת מידע נוסף</p>\n<p>אנו מתנצלים על אי הנוחות שנגרמה לך, ומודים לך על סבלנותך.</p>" }, "fr" : { "title" : "Extension de maintenance du système COOLDEX", "content" : "<p> La maintenance du système de COOLDEX sera prolongée d’une heure environ jusqu’au 2018/11/06 08:00 (UTC). La synchronisation des données prend plus de temps que prévu. Notre équipe travaille d'arrache-pied pour effectuer la maintenance le plus rapidement possible.</p>\n<p> Une autre annonce sera faite une fois la maintenance terminée. Les utilisateurs disposeront d'un peu de temps pour annuler les commandes existantes, déposer, retirer et utiliser d'autres fonctions du compte avant la reprise de la négociation. Restez à l'écoute pour plus d'informations.</p>\n<p> Nous nous excusons pour la gêne occasionnée et vous remercions de votre patience.</p>" }, "ar" : { "title" : "ملحق صيانة نظام COOLDEX", "content" : "<p>سيتم تمديد صيانة النظام الجارية لـ COOLDEX بما يقرب من ساعة إلى 2018/11/06 08:00 AM (UTC). يستغرق تزامن البيانات وقتًا أطول من المتوقع. يعمل فريقنا بجد لإكمال الصيانة في أسرع وقت ممكن.</p>\n<p>سيتم الإعلان مرة أخرى بمجرد اكتمال الصيانة. سيتم منح المستخدمين بعض الوقت لإلغاء الطلبات الحالية والإيداع والسحب واستخدام وظائف الحساب الأخرى قبل استئناف سير العمليات. يرجى البقاء على اتصال لمزيد من المعلومات.</p>\n<p>نعتذر عن أي إزعاج ناتج ، ونشكرك على سعة صدرك.</p>" }, "de" : { "title" : "COOLDEX Systemwartungserweiterung", "content" : "<p>Die laufende Systemwartung von COOLDEX wird um etwa eine Stunde auf 2018/11/06 08:00 Uhr (UTC) verlängert. Die Datensynchronisation dauert länger als erwartet. Unser Team arbeitet hart daran, die Wartung so schnell wie möglich abzuschließen.</p>\n<p>Eine weitere Ankündigung erfolgt nach Abschluss der Wartung. Die Benutzer erhalten einige Zeit, um vorhandene Bestellungen zu stornieren, andere Kontofunktionen zu hinterlegen, zurückzuziehen und zu verwenden, bevor der Handel wieder aufgenommen wird. Bitte bleiben Sie dran für weitere Informationen.</p>\n<p>Wir entschuldigen uns für etwaige Unannehmlichkeiten und danken Ihnen für Ihre Geduld.</p>" }, "ja" : { "title" : "COOLDEXシステムメンテナンスエクステンション", "content" : "<p>COOLDEXの継続的なシステムメンテナンスは、約1時間2018/11/06 08:00 AM（UTC）まで延長されます。データの同期に予想以上の時間がかかります。私たちのチームは、可能な限り迅速にメンテナンスを完了するために懸命に取り組んでいます。</p>\n<p>メンテナンスが完了すると、別の発表が行われます。ユーザーには、取引の再開前に、既存の注文をキャンセルし、入金し、引き出して、他の口座機能を使用する時間が与えられます。詳細については、お待ちください。</p>\n<p>ご迷惑をおかけしましたことをお詫び申し上げます。ご理解いただきありがとうございます。</p>" }, "ko" : { "title" : "COOLDEX 시스템 유지 보수 확장", "content" : "<p>COOLDEX의 지속적인 시스템 유지 보수는 약 1 시간 2018/11/06 08:00 AM (UTC)까지 연장 될 것입니다. 데이터 동기화가 예상보다 오래 걸립니다. 우리 팀은 유지 보수를 가능한 빨리 완료하기 위해 열심히 노력하고 있습니다.</p>\n<p>유지 보수가 완료되면 또 다른 발표가있을 것입니다. 사용자는 기존 주문을 취소하고, 입금을 취소하고, 거래를 재개하기 전에 다른 계좌 기능을 사용할 수있는 시간이 주어집니다. 더 자세한 정보를 위해 계속 지켜봐주십시오.</p>\n<p>불편을 끼쳐 드려 사과 드리며 양해 해 주셔서 감사합니다.</p>" }, "it" : { "title" : "Estensione di manutenzione del sistema COOLDEX", "content" : "<p>La manutenzione del sistema in corso di COOLDEX verrà estesa di circa un'ora fino al 2018/11/06 alle 08:00 (UTC). La sincronizzazione dei dati richiede più tempo del previsto. Il nostro team sta lavorando duramente per completare la manutenzione il più rapidamente possibile.</p>\n<p>Un altro annuncio verrà effettuato una volta completata la manutenzione. Agli utenti verrà dato un po 'di tempo per cancellare gli ordini esistenti, depositare, prelevare e utilizzare altre funzioni dell'account prima che il curriculum riprenda. Si prega di rimanere sintonizzati per ulteriori informazioni.</p>\n<p>Ci scusiamo per gli eventuali disagi causati e grazie per la vostra pazienza.</p>" }, "hu" : { "title" : "COOLDEX rendszer karbantartás kiterjesztése", "content" : "<p>A COOLDEX folyamatban lévő rendszer-karbantartása körülbelül egy óra hosszabbításra kerül a 2018. 11. 06. 08.00-kor (UTC). Az adatok szinkronizálása a vártnál hosszabb időt vesz igénybe. Csapatunk keményen dolgozik, hogy a lehető leggyorsabban befejezze a karbantartást.</p>\n<p>Egy másik bejelentés a karbantartás befejezése után történik. A felhasználóknak időt kell hagyniuk a meglévő megrendelések visszavonására, letétbe helyezésre, visszavonásra és egyéb fiókfunkciókra, még a kereskedés folytatása előtt. Kérjük, további információkért maradjon hangolva.</p>\n<p>Elnézést kérünk az esetleges kényelmetlenségért, és köszönjük türelmét.</p>" } }, "modified_by" : "", "newsid" : 5, "sort_order" : "2", "status" : 1, "to_date" : "2018-11-07", "type" : 1 }
{ "_id" : { "$oid" : "5be05a670e3905212c5b2222" }, "__v" : 0, "created_by" : "", "date_created" : { "$date" : "2018-11-05T14:57:43.771+0000" }, "date_modified" : { "$date" : "2019-01-23T12:15:20.339+0000" }, "from_date" : "2018-11-09", "locale" : { "en" : { "title" : "System Maintenance Complete", "content" : "<p>COOLDEX has completed its system maintenance and we will resume all trading activity&nbsp;From now until the commencement of trading, users will be able to cancel orders, process deposits, withdrawals, and use all other account related functions.</p>" }, "nl" : { "title" : "Systeemonderhoud voltooid", "content" : "<p>COOLDEX heeft het systeemonderhoud voltooid en we zullen alle handelsactiviteiten hervatten. Vanaf nu tot het begin van de handel, kunnen gebruikers bestellingen annuleren, stortingen verwerken, opnames opnemen en alle andere accountgerelateerde functies gebruiken.</p>" }, "es" : { "title" : "Mantenimiento del sistema completo", "content" : "<p>COOLDEX ha completado su mantenimiento del sistema y reanudaremos toda la actividad comercial. Desde el comienzo de la negociación, los usuarios podrán cancelar pedidos, procesar depósitos, retiros y utilizar todas las demás funciones relacionadas\ncon la cuenta.</p>" }, "pt" : { "title" : "Manutenção do sistema completa", "content" : "<p>COOLDEX concluiu sua manutenção do sistema e retomaremos toda a atividade de negociação. A partir de agora até o início da negociação, os usuários poderão cancelar pedidos, processar depósitos, saques e usar todas as outras funções relacionadas\nà conta.</p>" }, "fr" : { "title" : "Maintenance du système terminée", "content" : "<p>COOLDEX a terminé la maintenance de son système et nous allons reprendre toutes les activités de trading. Jusqu'au début des transactions, les utilisateurs pourront annuler des commandes, traiter des dépôts, des retraits et utiliser toutes les autres fonctions liées au compte.</p>" }, "it" : { "title" : "Manutenzione del sistema completata", "content" : "<p>COOLDEX ha completato la manutenzione del sistema e riprenderemo tutte le attività di trading. Da ora fino all'inizio del trading, gli utenti saranno in grado di annullare gli ordini, elaborare depositi, prelievi e utilizzare tutte le altre funzioni relative all'account.</p>" }, "he" : { "title" : "תחזוקת המערכת הושלמה", "content" : "COOLDEX השלימה את תחזוקת המערכת שלה ואנו נחדש את כל פעילות המסחר מעתה ועד תחילת המסחר, המשתמשים יוכלו לבטל הזמנות, הפקדות תהליך, משיכות, ולהשתמש בכל הפונקציות הקשורות לחשבון אחרים." }, "ru" : { "title" : "Обслуживание системы завершено", "content" : "<p>COOLDEX завершил техническое обслуживание своей системы, и мы возобновим всю торговую деятельность. С этого момента и до начала торговли пользователи смогут отменять заказы, обрабатывать депозиты, снятие средств и использовать все другие функции, связанные с аккаунтом.</p>" }, "hu" : { "title" : "A rendszer karbantartása befejeződött", "content" : "<p>A COOLDEX befejezte a rendszer karbantartását, és folytatni fogjuk az összes kereskedelmi tevékenységet. Mostantól kezdve a kereskedés kezdetéig a felhasználók képesek lesznek megszüntetni a megrendeléseket, feldolgozni a betéteket, kivonni, és felhasználni az összes többi számlával kapcsolatos funkciót.</p>" }, "zh" : { "title" : "系统维护完成", "content" : "<p>COOLDEX已完成系统维护，我们将恢复所有交易活动从现在起直到交易开始，用户将能够取消订单，处理存款，取款以及使用所有其他账户相关功能。</p>" }, "ko" : { "title" : "시스템 유지 보수 완료", "content" : "<p>COOLDEX는 시스템 유지 보수를 완료했으며 우리는 모든 거래 활동을 재개 할 것입니다. 지금부터 거래 시작까지 사용자는 주문 취소, 예금 처리, 인출 및 기타 모든 계정 관련 기능을 사용할 수 있습니다.</p>" }, "ar" : { "title" : "اكتملت صيانة النظام", "content" : "أكملت COOLDEX صيانة نظامها وسنستأنف جميع أنشطة التداول من الآن وحتى بدء التداول ، سيتمكن المستخدمون من إلغاء الطلبات وعمليات الإيداع والسحب واستخدام جميع الوظائف الأخرى ذات الصلة بالحساب." }, "de" : { "title" : "Systemwartung abgeschlossen", "content" : "<p>COOLDEX hat die Systemwartung abgeschlossen und wir werden alle Handelsaktivitäten wieder aufnehmen. Bis zum Beginn des Handels können Benutzer Bestellungen stornieren, Einzahlungen und Abhebungen bearbeiten und alle anderen kontobezogenen Funktionen verwenden.</p>" }, "ja" : { "title" : "システムメンテナンス完了", "content" : "<p>COOLDEXはシステムメンテナンスを完了し、すべての取引活動を再開する予定です。取引の開始まで、ユーザーは注文をキャンセルし、預金を処理し、引き出しを行い、他のすべてのアカウント関連機能を使用することができます。</p>" } }, "modified_by" : "", "newsid" : 2, "sort_order" : "1", "status" : 1, "to_date" : "2018-11-29", "type" : 2 }
