{ "_id" : { "$oid" : "5c1b61d26b6e1b0c686db4d5" }, "category_id" : 1, "created_by" : "", "modified_by" : "", "status" : 1, "isDefault" : 0, "locale" : { "pt" : { "surveyName" : "Feature Voting Survey" }, "he" : { "surveyName" : "Feature Voting Survey" }, "en" : { "surveyName" : "Feature Voting Survey" }, "nl" : { "surveyName" : "Feature Voting Survey" }, "ar" : { "surveyName" : "ميزة التصويت التصويت" } }, "json" : "{\n \"locale\": \"ar\",\n \"pages\": [\n  {\n   \"name\": \"page1\",\n   \"elements\": [\n    {\n     \"type\": \"radiogroup\",\n     \"name\": \"feature\",\n     \"title\": {\n      \"default\": \"Which feature do you like ?\",\n      \"ar\": \"Which feature do you like i ar?\",\n      \"ja\": \"Which feature do you like Zh ?\"\n     },\n     \"choices\": [\n      \"Trading\",\n      \"Wallet\",\n      \"My Account\"\n     ]\n    }\n   ]\n  }\n ]\n}", "date_created" : { "$date" : "2018-12-20T09:33:06.330+0000" }, "date_modified" : { "$date" : "2018-12-20T09:33:06.330+0000" }, "surveyStartDate" : { "$date" : "2018-12-20T09:33:06.330+0000" } }
{ "_id" : { "$oid" : "5c1b64576b6e1b0c686db4d7" }, "category_id" : 2, "created_by" : "", "modified_by" : "", "status" : 1, "isDefault" : 0, "locale" : { "en" : { "surveyName" : "Coin Listing Voting Survey" }, "ar" : { "surveyName" : "Coin Listing Voting Survey" }, "pt" : { "surveyName" : "Coin Listing Voting Survey" }, "nl" : { "surveyName" : "Coin Listing Voting Survey" }, "he" : { "surveyName" : "Coin Listing Voting Survey" } }, "json" : "{\n \"pages\": [\n  {\n   \"name\": \"page1\",\n   \"elements\": [\n    {\n     \"type\": \"radiogroup\",\n     \"name\": \"coin\",\n     \"title\": \"Which coin do you like ?\",\n     \"choices\": [\n      \"Ethereum\",\n      \"ATC\",\n      \"BTC\"\n     ]\n    }\n   ]\n  }\n ]\n}", "date_created" : { "$date" : "2018-12-20T09:43:51.812+0000" }, "date_modified" : { "$date" : "2018-12-20T09:43:51.812+0000" }, "surveyStartDate" : { "$date" : "2018-12-20T09:43:51.812+0000" } }
{ "_id" : { "$oid" : "5c1b659a6b6e1b0c686db4d8" }, "category_id" : 3, "created_by" : "", "modified_by" : "", "status" : 1, "isDefault" : 0, "locale" : { "en" : { "surveyName" : "Feedback Survey" }, "ar" : { "surveyName" : "Feedback Survey" }, "nl" : { "surveyName" : "Feedback Survey" }, "pt" : { "surveyName" : "Feedback Survey" }, "he" : { "surveyName" : "Feedback Survey" } }, "json" : "{\n \"pages\": [\n  {\n   \"name\": \"page1\",\n   \"elements\": [\n    {\n     \"type\": \"radiogroup\",\n     \"name\": \"coin\",\n     \"title\": \"Do you like our exchange ?\",\n     \"choices\": [\n      \"yes\",\n      \"no\"\n     ]\n    },\n    {\n     \"type\": \"text\",\n     \"name\": \"suggesion\",\n     \"title\": \"Give your suggesion\"\n    }\n   ]\n  }\n ]\n}", "date_created" : { "$date" : "2018-12-20T09:49:14.528+0000" }, "date_modified" : { "$date" : "2018-12-20T09:49:14.528+0000" }, "surveyStartDate" : { "$date" : "2018-12-20T09:49:14.528+0000" } }
